{"cameraMode":{"drawMode":0,"name":"Shaded","section":"Shading Mode"},"sceneLighting":true,"audioPlay":false,"sceneViewState":{"m_AlwaysRefresh":false,"showFog":true,"showSkybox":true,"showFlares":true,"showImageEffects":true,"showParticleSystems":true,"showVisualEffectGraphs":true,"m_FxEnabled":true},"in2DMode":false,"pivot":{"x":-1.1635258197784424,"y":2.4030704498291017,"z":-6.458171367645264},"rotation":{"x":-0.05983390659093857,"y":0.12008444219827652,"z":-0.007253760471940041,"w":-0.990928590297699},"size":2.1749160289764406,"orthographic":false}